date,sales,prix,wday,month,snap_WI
2011-09-23,111.0,1.28,7,9,0
2011-09-24,168.0,1.28,1,9,0
2011-09-25,162.0,1.28,2,9,0
2011-09-26,127.0,1.28,3,9,0
2011-09-27,72.0,1.28,4,9,0
2011-09-28,58.0,1.28,5,9,0
2011-09-29,100.0,1.28,6,9,0
2011-09-30,133.0,1.28,7,9,0
2011-10-01,166.0,1.28,1,10,0
2011-10-02,207.0,1.28,2,10,1
2011-10-03,116.0,1.28,3,10,1
2011-10-04,85.0,1.28,4,10,0
2011-10-05,102.0,1.28,5,10,1
2011-10-06,102.0,1.28,6,10,1
2011-10-07,227.0,1.28,7,10,0
2011-10-08,182.0,1.28,1,10,1
2011-10-09,176.0,1.28,2,10,1
2011-10-10,79.0,1.28,3,10,0
2011-10-11,85.0,1.28,4,10,1
2011-10-12,112.0,1.28,5,10,1
2011-10-13,100.0,1.28,6,10,0
2011-10-14,155.0,1.28,7,10,1
2011-10-15,168.0,1.28,1,10,1
2011-10-16,184.0,1.28,2,10,0
2011-10-17,110.0,1.28,3,10,0
2011-10-18,75.0,1.28,4,10,0
2011-10-19,53.0,1.28,5,10,0
2011-10-20,71.0,1.28,6,10,0
2011-10-21,102.0,1.28,7,10,0
2011-10-22,145.0,1.28,1,10,0
2011-10-23,97.0,1.28,2,10,0
2011-10-24,82.0,1.28,3,10,0
2011-10-25,57.0,1.28,4,10,0
2011-10-26,82.0,1.28,5,10,0
2011-10-27,113.0,1.28,6,10,0
2011-10-28,168.0,1.28,7,10,0
2011-10-29,173.0,1.28,1,10,0
2011-10-30,107.0,1.28,2,10,0
2011-10-31,55.0,1.28,3,10,0
2011-11-01,69.0,1.28,4,11,0
2011-11-02,94.0,1.28,5,11,1
2011-11-03,100.0,1.28,6,11,1
2011-11-04,130.0,1.28,7,11,0
2011-11-05,140.0,1.28,1,11,1
2011-11-06,149.0,1.28,2,11,1
2011-11-07,84.0,1.28,3,11,0
2011-11-08,66.0,1.28,4,11,1
2011-11-09,95.0,1.28,5,11,1
2011-11-10,118.0,1.28,6,11,0
2011-11-11,125.0,1.28,7,11,1
2011-11-12,156.0,1.28,1,11,1
2011-11-13,114.0,1.28,2,11,0
2011-11-14,91.0,1.28,3,11,1
2011-11-15,100.0,1.28,4,11,1
2011-11-16,83.0,1.28,5,11,0
2011-11-17,75.0,1.28,6,11,0
2011-11-18,119.0,1.28,7,11,0
2011-11-19,106.0,1.28,1,11,0
2011-11-20,107.0,1.28,2,11,0
2011-11-21,91.0,1.28,3,11,0
2011-11-22,92.0,1.28,4,11,0
2011-11-23,163.0,1.28,5,11,0
2011-11-24,101.0,1.28,6,11,0
2011-11-25,100.0,1.28,7,11,0
2011-11-26,96.0,1.28,1,11,0
2011-11-27,91.0,1.28,2,11,0
2011-11-28,39.0,1.28,3,11,0
2011-11-29,94.0,1.28,4,11,0
2011-11-30,69.0,1.28,5,11,0
2011-12-01,66.0,1.28,6,12,0
2011-12-02,173.0,1.28,7,12,1
2011-12-03,200.0,1.28,1,12,1
2011-12-04,149.0,1.28,2,12,0
2011-12-05,112.0,1.28,3,12,1
2011-12-06,93.0,1.28,4,12,1
2011-12-07,81.0,1.28,5,12,0
2011-12-08,126.0,1.28,6,12,1
2011-12-09,116.0,1.28,7,12,1
2011-12-10,166.0,1.28,1,12,0
2011-12-11,128.0,1.28,2,12,1
2011-12-12,114.0,1.28,3,12,1
2011-12-13,75.0,1.28,4,12,0
2011-12-14,96.0,1.28,5,12,1
2011-12-15,103.0,1.28,6,12,1
2011-12-16,178.0,1.28,7,12,0
2011-12-17,148.0,1.28,1,12,0
2011-12-18,102.0,1.28,2,12,0
2011-12-19,222.0,1.28,3,12,0
2011-12-20,2.0,1.28,4,12,0
2011-12-21,101.36602363627827,1.28,5,12,0
2011-12-22,4.0,1.28,6,12,0
2011-12-23,10.0,1.28,7,12,0
2011-12-24,288.0,1.48,1,12,0
2011-12-25,71.3014574587088,1.48,2,12,0
2011-12-26,86.0,1.48,3,12,0
2011-12-27,106.0,1.48,4,12,0
2011-12-28,31.0,1.48,5,12,0
2011-12-29,51.67176704894189,1.48,6,12,0
2011-12-30,45.498727446439375,1.48,7,12,0
2011-12-31,374.0,1.28,1,12,0
2012-01-01,82.0,1.28,2,1,0
2012-01-02,76.0,1.28,3,1,1
2012-01-03,106.0,1.28,4,1,1
2012-01-04,128.0,1.28,5,1,0
2012-01-05,85.0,1.28,6,1,1
2012-01-06,96.0,1.28,7,1,1
2012-01-07,145.0,1.28,1,1,0
2012-01-08,134.0,1.28,2,1,1
2012-01-09,102.0,1.28,3,1,1
2012-01-10,97.0,1.28,4,1,0
2012-01-11,135.0,1.28,5,1,1
2012-01-12,74.0,1.28,6,1,1
2012-01-13,143.0,1.28,7,1,0
2012-01-14,197.0,1.28,1,1,1
2012-01-15,139.0,1.28,2,1,1
2012-01-16,115.0,1.28,3,1,0
2012-01-17,78.0,1.28,4,1,0
2012-01-18,91.0,1.28,5,1,0
2012-01-19,80.0,1.28,6,1,0
2012-01-20,109.0,1.28,7,1,0
2012-01-21,193.0,1.28,1,1,0
2012-01-22,175.0,1.28,2,1,0
2012-01-23,70.0,1.28,3,1,0
2012-01-24,106.21457663376378,1.28,4,1,0
2012-01-25,111.79981190577797,1.28,5,1,0
2012-01-26,100.85060685206679,1.28,6,1,0
2012-01-27,84.70757055571028,1.28,7,1,0
2012-01-28,117.64853241088827,1.28,1,1,0
2012-01-29,117.85297474439949,1.28,2,1,0
2012-01-30,107.58639338089324,1.28,3,1,0
2012-01-31,112.78286683874154,1.28,4,1,0
2012-02-01,103.95091883389597,1.28,5,2,0
2012-02-02,108.32085288583357,1.28,6,2,1
2012-02-03,99.24624504167912,1.28,7,2,1
2012-02-04,121.8295101305207,1.28,1,2,0
2012-02-05,128.42703287767785,1.28,2,2,1
2012-02-06,116.95672408129167,1.28,3,2,1
2012-02-07,101.68700481736141,1.28,4,2,0
2012-02-08,113.75995415066154,1.28,5,2,1
2012-02-09,99.50598118016899,1.28,6,2,1
2012-02-10,88.37042790619324,1.28,7,2,0
2012-02-11,107.36219306930911,1.34,1,2,1
2012-02-12,106.86389976622814,1.34,2,2,1
2012-02-13,99.76990111041482,1.34,3,2,0
2012-02-14,93.28072883045746,1.34,4,2,1
2012-02-15,87.64344658299171,1.34,5,2,1
2012-02-16,63.0,1.34,6,2,0
2012-02-17,108.0,1.34,7,2,0
2012-02-18,149.0,1.34,1,2,0
2012-02-19,120.0,1.34,2,2,0
2012-02-20,86.0,1.34,3,2,0
2012-02-21,87.0,1.34,4,2,0
2012-02-22,75.0,1.34,5,2,0
2012-02-23,70.0,1.34,6,2,0
2012-02-24,78.0,1.34,7,2,0
2012-02-25,133.0,1.34,1,2,0
2012-02-26,131.0,1.34,2,2,0
2012-02-27,62.0,1.34,3,2,0
2012-02-28,67.0,1.34,4,2,0
2012-02-29,56.0,1.34,5,2,0
2012-03-01,62.0,1.34,6,3,0
2012-03-02,113.0,1.34,7,3,1
2012-03-03,159.0,1.34,1,3,1
2012-03-04,145.0,1.34,2,3,0
2012-03-05,77.0,1.34,3,3,1
2012-03-06,137.0,1.34,4,3,1
2012-03-07,83.0,1.34,5,3,0
2012-03-08,83.0,1.34,6,3,1
2012-03-09,101.0,1.34,7,3,1
2012-03-10,166.0,1.34,1,3,0
2012-03-11,130.0,1.34,2,3,1
2012-03-12,158.0,1.34,3,3,1
2012-03-13,88.0,1.34,4,3,0
2012-03-14,114.0,1.34,5,3,1
2012-03-15,91.0,1.34,6,3,1
2012-03-16,142.0,1.34,7,3,0
2012-03-17,162.0,1.34,1,3,0
2012-03-18,124.0,1.34,2,3,0
2012-03-19,75.0,1.34,3,3,0
2012-03-20,92.0,1.34,4,3,0
2012-03-21,77.0,1.34,5,3,0
2012-03-22,79.0,1.34,6,3,0
2012-03-23,104.0,1.34,7,3,0
2012-03-24,158.0,1.34,1,3,0
2012-03-25,116.0,1.34,2,3,0
2012-03-26,76.0,1.34,3,3,0
2012-03-27,65.0,1.34,4,3,0
2012-03-28,5.0,1.34,5,3,0
2012-03-29,84.22771463385567,1.34,6,3,0
2012-03-30,56.94160369274783,1.34,7,3,0
2012-03-31,160.0,1.48,1,3,0
2012-04-01,112.0,1.48,2,4,0
2012-04-02,82.0,1.48,3,4,1
2012-04-03,84.0,1.48,4,4,1
2012-04-04,78.0,1.48,5,4,0
2012-04-05,82.0,1.48,6,4,1
2012-04-06,127.0,1.48,7,4,1
2012-04-07,104.0,1.48,1,4,0
2012-04-08,121.0,1.48,2,4,1
2012-04-09,62.0,1.48,3,4,1
2012-04-10,58.0,1.48,4,4,0
2012-04-11,78.0,1.48,5,4,1
2012-04-12,55.0,1.48,6,4,1
2012-04-13,95.0,1.48,7,4,0
2012-04-14,172.0,1.48,1,4,1
2012-04-15,86.0,1.48,2,4,1
2012-04-16,55.0,1.48,3,4,0
2012-04-17,55.0,1.48,4,4,0
2012-04-18,57.0,1.48,5,4,0
2012-04-19,41.0,1.48,6,4,0
2012-04-20,94.0,1.48,7,4,0
2012-04-21,104.0,1.48,1,4,0
2012-04-22,96.0,1.48,2,4,0
2012-04-23,52.0,1.48,3,4,0
2012-04-24,45.0,1.48,4,4,0
2012-04-25,85.0,1.48,5,4,0
2012-04-26,44.0,1.48,6,4,0
2012-04-27,89.0,1.48,7,4,0
2012-04-28,117.0,1.48,1,4,0
2012-04-29,106.0,1.48,2,4,0
2012-04-30,31.0,1.48,3,4,0
2012-05-01,53.0,1.48,4,5,0
2012-05-02,92.0,1.48,5,5,1
2012-05-03,92.0,1.48,6,5,1
2012-05-04,106.0,1.48,7,5,0
2012-05-05,125.0,1.48,1,5,1
2012-05-06,113.0,1.48,2,5,1
2012-05-07,68.0,1.48,3,5,0
2012-05-08,40.0,1.48,4,5,1
2012-05-09,79.0,1.48,5,5,1
2012-05-10,78.0,1.48,6,5,0
2012-05-11,111.0,1.48,7,5,1
2012-05-12,171.0,1.48,1,5,1
2012-05-13,100.0,1.48,2,5,0
2012-05-14,91.0,1.48,3,5,1
2012-05-15,67.0,1.48,4,5,1
2012-05-16,46.0,1.48,5,5,0
2012-05-17,66.0,1.48,6,5,0
2012-05-18,132.0,1.48,7,5,0
2012-05-19,105.0,1.48,1,5,0
2012-05-20,71.0,1.48,2,5,0
2012-05-21,32.0,1.48,3,5,0
2012-05-22,58.0,1.48,4,5,0
2012-05-23,33.0,1.48,5,5,0
2012-05-24,67.0,1.48,6,5,0
2012-05-25,88.0,1.48,7,5,0
2012-05-26,119.0,1.48,1,5,0
2012-05-27,97.0,1.48,2,5,0
2012-05-28,47.0,1.48,3,5,0
2012-05-29,24.0,1.48,4,5,0
2012-05-30,46.0,1.48,5,5,0
2012-05-31,62.0,1.48,6,5,0
2012-06-01,65.0,1.48,7,6,0
2012-06-02,111.0,1.48,1,6,1
2012-06-03,72.0,1.48,2,6,1
2012-06-04,56.0,1.48,3,6,0
2012-06-05,39.0,1.48,4,6,1
2012-06-06,50.0,1.48,5,6,1
2012-06-07,39.0,1.48,6,6,0
2012-06-08,128.0,1.48,7,6,1
2012-06-09,98.0,1.48,1,6,1
2012-06-10,81.0,1.48,2,6,0
2012-06-11,70.0,1.48,3,6,1
2012-06-12,58.0,1.48,4,6,1
2012-06-13,40.0,1.48,5,6,0
2012-06-14,89.0,1.48,6,6,1
2012-06-15,107.0,1.48,7,6,1
2012-06-16,132.0,1.48,1,6,0
2012-06-17,16.0,1.48,2,6,0
2012-06-18,44.0,1.48,3,6,0
2012-06-19,65.0,1.48,4,6,0
2012-06-20,50.0,1.48,5,6,0
2012-06-21,64.0,1.48,6,6,0
2012-06-22,112.0,1.48,7,6,0
2012-06-23,80.0,1.48,1,6,0
2012-06-24,85.0,1.48,2,6,0
2012-06-25,57.0,1.48,3,6,0
2012-06-26,46.0,1.48,4,6,0
2012-06-27,55.0,1.48,5,6,0
2012-06-28,81.0,1.48,6,6,0
2012-06-29,89.0,1.48,7,6,0
2012-06-30,51.0,1.48,1,6,0
2012-07-01,81.0,1.48,2,7,0
2012-07-02,83.0,1.48,3,7,1
2012-07-03,156.0,1.48,4,7,1
2012-07-04,58.0,1.48,5,7,0
2012-07-05,45.0,1.48,6,7,1
2012-07-06,11.0,1.48,7,7,1
2012-07-07,91.0,1.34,1,7,0
2012-07-08,75.0,1.34,2,7,1
2012-07-09,62.0,1.34,3,7,1
2012-07-10,45.0,1.34,4,7,0
2012-07-11,36.0,1.34,5,7,1
2012-07-12,68.0,1.34,6,7,1
2012-07-13,98.0,1.34,7,7,0
2012-07-14,76.0,1.34,1,7,1
2012-07-15,116.0,1.34,2,7,1
2012-07-16,56.0,1.34,3,7,0
2012-07-17,54.0,1.34,4,7,0
2012-07-18,85.0,1.34,5,7,0
2012-07-19,39.0,1.34,6,7,0
2012-07-20,79.0,1.34,7,7,0
2012-07-21,122.0,1.34,1,7,0
2012-07-22,70.0,1.34,2,7,0
2012-07-23,49.0,1.34,3,7,0
2012-07-24,44.0,1.34,4,7,0
2012-07-25,87.0,1.34,5,7,0
2012-07-26,27.0,1.34,6,7,0
2012-07-27,86.0,1.34,7,7,0
2012-07-28,98.0,1.34,1,7,0
2012-07-29,79.0,1.34,2,7,0
2012-07-30,69.0,1.34,3,7,0
2012-07-31,75.25948365286996,1.34,4,7,0
2012-08-01,57.0,1.34,5,8,0
2012-08-02,88.0,1.34,6,8,1
2012-08-03,12.0,1.34,7,8,1
2012-08-04,74.0,1.38,1,8,0
2012-08-05,1.0,1.38,2,8,1
2012-08-06,72.0,1.38,3,8,1
2012-08-07,48.0,1.38,4,8,0
2012-08-08,86.0,1.38,5,8,1
2012-08-09,79.0,1.38,6,8,1
2012-08-10,103.0,1.38,7,8,0
2012-08-11,115.0,1.38,1,8,1
2012-08-12,31.0,1.38,2,8,1
2012-08-13,72.0,1.38,3,8,0
2012-08-14,57.0,1.38,4,8,1
2012-08-15,45.0,1.38,5,8,1
2012-08-16,77.0,1.38,6,8,0
2012-08-17,92.0,1.38,7,8,0
2012-08-18,118.0,1.38,1,8,0
2012-08-19,10.0,1.38,2,8,0
2012-08-20,57.0,1.38,3,8,0
2012-08-21,7.0,1.38,4,8,0
2012-08-22,60.0,1.38,5,8,0
2012-08-23,57.0,1.38,6,8,0
2012-08-24,74.0,1.38,7,8,0
2012-08-25,94.0,1.38,1,8,0
2012-08-26,34.0,1.38,2,8,0
2012-08-27,52.0,1.38,3,8,0
2012-08-28,29.0,1.38,4,8,0
2012-08-29,46.0,1.38,5,8,0
2012-08-30,57.0,1.38,6,8,0
2012-08-31,88.0,1.38,7,8,0
2012-09-01,83.0,1.38,1,9,0
2012-09-02,147.0,1.38,2,9,1
2012-09-03,4.0,1.38,3,9,1
2012-09-04,63.0,1.38,4,9,0
2012-09-05,64.0,1.38,5,9,1
2012-09-06,80.0,1.38,6,9,1
2012-09-07,64.0,1.38,7,9,0
2012-09-08,130.0,1.38,1,9,1
2012-09-09,47.0,1.38,2,9,1
2012-09-10,38.0,1.38,3,9,0
2012-09-11,56.0,1.38,4,9,1
2012-09-12,43.0,1.38,5,9,1
2012-09-13,56.0,1.38,6,9,0
2012-09-14,100.0,1.38,7,9,1
2012-09-15,100.0,1.38,1,9,1
2012-09-16,78.0,1.38,2,9,0
2012-09-17,64.0,1.38,3,9,0
2012-09-18,43.0,1.38,4,9,0
2012-09-19,21.0,1.38,5,9,0
2012-09-20,78.0,1.38,6,9,0
2012-09-21,90.0,1.38,7,9,0
2012-09-22,142.0,1.38,1,9,0
2012-09-23,61.0,1.38,2,9,0
2012-09-24,36.0,1.38,3,9,0
2012-09-25,63.0,1.38,4,9,0
2012-09-26,39.0,1.38,5,9,0
2012-09-27,61.0,1.38,6,9,0
2012-09-28,81.0,1.38,7,9,0
2012-09-29,109.0,1.38,1,9,0
2012-09-30,77.0,1.38,2,9,0
2012-10-01,57.0,1.38,3,10,0
2012-10-02,77.0,1.38,4,10,1
2012-10-03,57.0,1.38,5,10,1
2012-10-04,94.0,1.38,6,10,0
2012-10-05,83.0,1.38,7,10,1
2012-10-06,147.0,1.38,1,10,1
2012-10-07,64.0,1.38,2,10,0
2012-10-08,63.0,1.38,3,10,1
2012-10-09,41.0,1.38,4,10,1
2012-10-10,76.0,1.38,5,10,0
2012-10-11,82.0,1.38,6,10,1
2012-10-12,113.0,1.38,7,10,1
2012-10-13,155.0,1.38,1,10,0
2012-10-14,63.0,1.38,2,10,1
2012-10-15,63.0,1.38,3,10,1
2012-10-16,47.0,1.38,4,10,0
2012-10-17,54.0,1.38,5,10,0
2012-10-18,71.0,1.38,6,10,0
2012-10-19,75.0,1.38,7,10,0
2012-10-20,124.07803306046549,1.25,1,10,0
2012-10-21,128.22230368821369,1.25,2,10,0
2012-10-22,113.21102551608271,1.25,3,10,0
2012-10-23,61.0,1.25,4,10,0
2012-10-24,75.0,1.25,5,10,0
2012-10-25,62.0,1.25,6,10,0
2012-10-26,119.0,1.25,7,10,0
2012-10-27,114.0,1.25,1,10,0
2012-10-28,79.0,1.25,2,10,0
2012-10-29,58.0,1.25,3,10,0
2012-10-30,55.0,1.25,4,10,0
2012-10-31,50.0,1.25,5,10,0
2012-11-01,73.0,1.25,6,11,0
2012-11-02,114.0,1.25,7,11,1
2012-11-03,140.0,1.25,1,11,1
2012-11-04,100.0,1.25,2,11,0
2012-11-05,62.0,1.25,3,11,1
2012-11-06,52.0,1.25,4,11,1
2012-11-07,57.0,1.25,5,11,0
2012-11-08,69.0,1.25,6,11,1
2012-11-09,163.0,1.25,7,11,1
2012-11-10,117.0,1.25,1,11,0
2012-11-11,137.0,1.25,2,11,1
2012-11-12,105.0,1.25,3,11,1
2012-11-13,71.0,1.25,4,11,0
2012-11-14,102.0,1.25,5,11,1
2012-11-15,87.0,1.25,6,11,1
2012-11-16,128.0,1.25,7,11,0
2012-11-17,186.0,1.25,1,11,0
2012-11-18,167.0,1.25,2,11,0
2012-11-19,127.0,1.25,3,11,0
2012-11-20,109.0,1.25,4,11,0
2012-11-21,186.0,1.25,5,11,0
2012-11-22,210.0,1.25,6,11,0
2012-11-23,6.0,1.25,7,11,0
2012-11-24,169.0,1.25,1,11,0
2012-11-25,92.0,1.25,2,11,0
2012-11-26,66.0,1.25,3,11,0
2012-11-27,64.0,1.25,4,11,0
2012-11-28,70.0,1.25,5,11,0
2012-11-29,81.0,1.25,6,11,0
2012-11-30,128.0,1.25,7,11,0
2012-12-01,275.0,1.25,1,12,0
2012-12-02,115.0,1.25,2,12,1
2012-12-03,133.0,1.25,3,12,1
2012-12-04,78.0,1.25,4,12,0
2012-12-05,86.0,1.25,5,12,1
2012-12-06,95.0,1.25,6,12,1
2012-12-07,149.0,1.25,7,12,0
2012-12-08,209.0,1.25,1,12,1
2012-12-09,121.0,1.25,2,12,1
2012-12-10,96.0,1.25,3,12,0
2012-12-11,97.0,1.25,4,12,1
2012-12-12,75.0,1.25,5,12,1
2012-12-13,92.0,1.25,6,12,0
2012-12-14,141.0,1.25,7,12,1
2012-12-15,141.0,1.25,1,12,1
2012-12-16,158.0,1.25,2,12,0
2012-12-17,77.0,1.25,3,12,0
2012-12-18,98.0,1.25,4,12,0
2012-12-19,142.0,1.25,5,12,0
2012-12-20,128.0,1.25,6,12,0
2012-12-21,123.0,1.25,7,12,0
2012-12-22,157.0,1.25,1,12,0
2012-12-23,200.0,1.25,2,12,0
2012-12-24,253.0,1.25,3,12,0
2012-12-25,112.64346879295817,1.25,4,12,0
2012-12-26,1.0,1.25,5,12,0
2012-12-27,114.0,1.25,6,12,0
2012-12-28,147.0,1.25,7,12,0
2012-12-29,194.0,1.25,1,12,0
2012-12-30,200.0,1.25,2,12,0
2012-12-31,225.0,1.25,3,12,0
2013-01-01,82.0,1.25,4,1,0
2013-01-02,122.0,1.25,5,1,1
2013-01-03,94.0,1.25,6,1,1
2013-01-04,132.0,1.25,7,1,0
2013-01-05,174.0,1.25,1,1,1
2013-01-06,167.0,1.25,2,1,1
2013-01-07,93.0,1.25,3,1,0
2013-01-08,95.0,1.25,4,1,1
2013-01-09,109.0,1.25,5,1,1
2013-01-10,123.0,1.25,6,1,0
2013-01-11,153.0,1.25,7,1,1
2013-01-12,211.0,1.25,1,1,1
2013-01-13,135.0,1.25,2,1,0
2013-01-14,79.0,1.25,3,1,1
2013-01-15,84.0,1.25,4,1,1
2013-01-16,108.0,1.25,5,1,0
2013-01-17,81.0,1.25,6,1,0
2013-01-18,118.0,1.25,7,1,0
2013-01-19,229.0,1.25,1,1,0
2013-01-20,159.0,1.25,2,1,0
2013-01-21,110.0,1.25,3,1,0
2013-01-22,112.0,1.25,4,1,0
2013-01-23,67.0,1.25,5,1,0
2013-01-24,125.0,1.25,6,1,0
2013-01-25,111.0,1.25,7,1,0
2013-01-26,217.0,1.25,1,1,0
2013-01-27,130.0,1.25,2,1,0
2013-01-28,86.0,1.25,3,1,0
2013-01-29,78.0,1.25,4,1,0
2013-01-30,85.0,1.25,5,1,0
2013-01-31,91.0,1.25,6,1,0
2013-02-01,98.0,1.25,7,2,0
2013-02-02,240.0,1.25,1,2,1
2013-02-03,184.0,1.25,2,2,1
2013-02-04,106.0,1.25,3,2,0
2013-02-05,105.0,1.25,4,2,1
2013-02-06,87.0,1.25,5,2,1
2013-02-07,72.0,1.25,6,2,0
2013-02-08,158.0,1.25,7,2,1
2013-02-09,266.0,1.25,1,2,1
2013-02-10,108.0,1.25,2,2,0
2013-02-11,70.0,1.25,3,2,1
2013-02-12,115.0,1.25,4,2,1
2013-02-13,104.0,1.25,5,2,0
2013-02-14,66.0,1.25,6,2,1
2013-02-15,115.0,1.25,7,2,1
2013-02-16,170.0,1.25,1,2,0
2013-02-17,169.0,1.25,2,2,0
2013-02-18,60.0,1.25,3,2,0
2013-02-19,50.0,1.25,4,2,0
2013-02-20,68.0,1.25,5,2,0
2013-02-21,60.0,1.25,6,2,0
2013-02-22,105.0,1.25,7,2,0
2013-02-23,148.0,1.25,1,2,0
2013-02-24,163.0,1.25,2,2,0
2013-02-25,81.0,1.25,3,2,0
2013-02-26,69.0,1.25,4,2,0
2013-02-27,64.0,1.25,5,2,0
2013-02-28,76.0,1.25,6,2,0
2013-03-01,137.0,1.25,7,3,0
2013-03-02,177.0,1.25,1,3,1
2013-03-03,137.0,1.25,2,3,1
2013-03-04,115.0,1.25,3,3,0
2013-03-05,84.0,1.25,4,3,1
2013-03-06,69.0,1.25,5,3,1
2013-03-07,56.0,1.25,6,3,0
2013-03-08,120.0,1.25,7,3,1
2013-03-09,140.0,1.25,1,3,1
2013-03-10,144.0,1.25,2,3,0
2013-03-11,100.0,1.25,3,3,1
2013-03-12,89.0,1.25,4,3,1
2013-03-13,75.0,1.25,5,3,0
2013-03-14,71.0,1.25,6,3,1
2013-03-15,110.0,1.25,7,3,1
2013-03-16,146.0,1.25,1,3,0
2013-03-17,84.0,1.25,2,3,0
2013-03-18,68.0,1.25,3,3,0
2013-03-19,101.0,1.25,4,3,0
2013-03-20,63.0,1.25,5,3,0
2013-03-21,69.0,1.25,6,3,0
2013-03-22,120.0,1.25,7,3,0
2013-03-23,155.0,1.25,1,3,0
2013-03-24,111.0,1.25,2,3,0
2013-03-25,71.0,1.25,3,3,0
2013-03-26,66.0,1.25,4,3,0
2013-03-27,63.0,1.25,5,3,0
2013-03-28,48.0,1.25,6,3,0
2013-03-29,120.0,1.25,7,3,0
2013-03-30,167.0,1.25,1,3,0
2013-03-31,108.0,1.25,2,3,0
2013-04-01,62.0,1.25,3,4,0
2013-04-02,122.0,1.25,4,4,1
2013-04-03,105.0,1.25,5,4,1
2013-04-04,69.0,1.25,6,4,0
2013-04-05,128.0,1.25,7,4,1
2013-04-06,75.0,1.38,1,4,1
2013-04-07,109.0,1.38,2,4,0
2013-04-08,56.0,1.38,3,4,1
2013-04-09,62.0,1.38,4,4,1
2013-04-10,47.0,1.38,5,4,0
2013-04-11,59.0,1.38,6,4,1
2013-04-12,111.0,1.38,7,4,1
2013-04-13,120.0,1.38,1,4,0
2013-04-14,55.0,1.38,2,4,1
2013-04-15,58.0,1.38,3,4,1
2013-04-16,50.0,1.38,4,4,0
2013-04-17,47.0,1.38,5,4,0
2013-04-18,29.0,1.38,6,4,0
2013-04-19,86.0,1.38,7,4,0
2013-04-20,72.0,1.38,1,4,0
2013-04-21,58.0,1.38,2,4,0
2013-04-22,36.0,1.38,3,4,0
2013-04-23,50.0,1.38,4,4,0
2013-04-24,50.0,1.38,5,4,0
2013-04-25,73.0,1.38,6,4,0
2013-04-26,78.0,1.38,7,4,0
2013-04-27,94.0,1.38,1,4,0
2013-04-28,58.0,1.38,2,4,0
2013-04-29,35.0,1.38,3,4,0
2013-04-30,26.0,1.38,4,4,0
2013-05-01,49.0,1.38,5,5,0
2013-05-02,67.0,1.38,6,5,1
2013-05-03,77.0,1.38,7,5,1
2013-05-04,65.0,1.38,1,5,0
2013-05-05,77.0,1.38,2,5,1
2013-05-06,64.0,1.38,3,5,1
2013-05-07,108.0,1.38,4,5,0
2013-05-08,50.0,1.38,5,5,1
2013-05-09,76.0,1.38,6,5,1
2013-05-10,107.0,1.38,7,5,0
2013-05-11,114.0,1.38,1,5,1
2013-05-12,96.0,1.38,2,5,1
2013-05-13,39.0,1.38,3,5,0
2013-05-14,55.0,1.38,4,5,1
2013-05-15,44.0,1.38,5,5,1
2013-05-16,67.0,1.38,6,5,0
2013-05-17,94.0,1.38,7,5,0
2013-05-18,113.0,1.38,1,5,0
2013-05-19,80.0,1.38,2,5,0
2013-05-20,51.0,1.38,3,5,0
2013-05-21,52.0,1.38,4,5,0
2013-05-22,21.0,1.38,5,5,0
2013-05-23,51.0,1.38,6,5,0
2013-05-24,87.0,1.38,7,5,0
2013-05-25,101.0,1.38,1,5,0
2013-05-26,78.0,1.38,2,5,0
2013-05-27,75.0,1.38,3,5,0
2013-05-28,51.0,1.38,4,5,0
2013-05-29,32.0,1.38,5,5,0
2013-05-30,60.0,1.38,6,5,0
2013-05-31,86.0,1.38,7,5,0
2013-06-01,69.0,1.38,1,6,0
2013-06-02,80.0,1.38,2,6,1
2013-06-03,51.0,1.38,3,6,1
2013-06-04,69.0,1.38,4,6,0
2013-06-05,50.0,1.38,5,6,1
2013-06-06,50.0,1.38,6,6,1
2013-06-07,79.0,1.38,7,6,0
2013-06-08,132.0,1.38,1,6,1
2013-06-09,71.0,1.38,2,6,1
2013-06-10,58.0,1.38,3,6,0
2013-06-11,53.0,1.38,4,6,1
2013-06-12,33.0,1.38,5,6,1
2013-06-13,67.0,1.38,6,6,0
2013-06-14,101.0,1.38,7,6,1
2013-06-15,100.0,1.38,1,6,1
2013-06-16,72.0,1.38,2,6,0
2013-06-17,46.0,1.38,3,6,0
2013-06-18,40.0,1.38,4,6,0
2013-06-19,39.0,1.38,5,6,0
2013-06-20,72.0,1.38,6,6,0
2013-06-21,66.0,1.38,7,6,0
2013-06-22,77.0,1.38,1,6,0
2013-06-23,81.0,1.38,2,6,0
2013-06-24,53.0,1.38,3,6,0
2013-06-25,20.0,1.38,4,6,0
2013-06-26,45.0,1.38,5,6,0
2013-06-27,47.0,1.38,6,6,0
2013-06-28,57.0,1.38,7,6,0
2013-06-29,85.0,1.38,1,6,0
2013-06-30,65.0,1.38,2,6,0
2013-07-01,45.0,1.38,3,7,0
2013-07-02,41.0,1.38,4,7,1
2013-07-03,79.0,1.38,5,7,1
2013-07-04,106.0,1.38,6,7,0
2013-07-05,56.0,1.38,7,7,1
2013-07-06,78.0,1.38,1,7,1
2013-07-07,56.0,1.38,2,7,0
2013-07-08,38.0,1.38,3,7,1
2013-07-09,69.0,1.38,4,7,1
2013-07-10,77.0,1.38,5,7,0
2013-07-11,59.0,1.38,6,7,1
2013-07-12,61.0,1.38,7,7,1
2013-07-13,100.0,1.38,1,7,0
2013-07-14,71.0,1.38,2,7,1
2013-07-15,44.0,1.38,3,7,1
2013-07-16,35.0,1.38,4,7,0
2013-07-17,43.0,1.38,5,7,0
2013-07-18,72.0,1.38,6,7,0
2013-07-19,78.0,1.38,7,7,0
2013-07-20,56.0,1.38,1,7,0
2013-07-21,81.0,1.38,2,7,0
2013-07-22,39.0,1.38,3,7,0
2013-07-23,64.0,1.38,4,7,0
2013-07-24,30.0,1.38,5,7,0
2013-07-25,55.0,1.38,6,7,0
2013-07-26,85.0,1.38,7,7,0
2013-07-27,99.0,1.38,1,7,0
2013-07-28,92.0,1.38,2,7,0
2013-07-29,38.0,1.38,3,7,0
2013-07-30,37.0,1.38,4,7,0
2013-07-31,57.0,1.38,5,7,0
2013-08-01,60.0,1.38,6,8,0
2013-08-02,89.0,1.38,7,8,1
2013-08-03,92.0,1.38,1,8,1
2013-08-04,99.0,1.38,2,8,0
2013-08-05,90.0,1.38,3,8,1
2013-08-06,61.0,1.38,4,8,1
2013-08-07,41.0,1.38,5,8,0
2013-08-08,87.0,1.38,6,8,1
2013-08-09,139.0,1.38,7,8,1
2013-08-10,78.0,1.38,1,8,0
2013-08-11,81.0,1.38,2,8,1
2013-08-12,55.0,1.38,3,8,1
2013-08-13,54.0,1.38,4,8,0
2013-08-14,36.0,1.38,5,8,1
2013-08-15,66.0,1.38,6,8,1
2013-08-16,86.0,1.38,7,8,0
2013-08-17,59.0,1.38,1,8,0
2013-08-18,60.0,1.38,2,8,0
2013-08-19,50.0,1.38,3,8,0
2013-08-20,57.0,1.38,4,8,0
2013-08-21,44.0,1.38,5,8,0
2013-08-22,50.0,1.38,6,8,0
2013-08-23,57.49376612878149,1.38,7,8,0
2013-08-24,104.0,1.0,1,8,0
2013-08-25,130.0,1.0,2,8,0
2013-08-26,114.0,1.0,3,8,0
2013-08-27,232.0,1.0,4,8,0
2013-08-28,181.0,1.0,5,8,0
2013-08-29,165.0,1.0,6,8,0
2013-08-30,354.0,1.0,7,8,0
2013-08-31,333.0,1.0,1,8,0
2013-09-01,316.0,1.0,2,9,0
2013-09-02,48.0,1.0,3,9,1
2013-09-03,199.0,1.0,4,9,1
2013-09-04,250.0,1.0,5,9,0
2013-09-05,283.0,1.0,6,9,1
2013-09-06,173.0,1.0,7,9,1
2013-09-07,260.0,1.0,1,9,0
2013-09-08,259.0,1.0,2,9,1
2013-09-09,331.0,1.0,3,9,1
2013-09-10,175.0,1.0,4,9,0
2013-09-11,173.0,1.0,5,9,1
2013-09-12,203.0,1.0,6,9,1
2013-09-13,187.0,1.0,7,9,0
2013-09-14,275.0,1.0,1,9,1
2013-09-15,195.0,1.0,2,9,1
2013-09-16,188.0,1.0,3,9,0
2013-09-17,142.0,1.0,4,9,0
2013-09-18,201.0,1.0,5,9,0
2013-09-19,157.0,1.0,6,9,0
2013-09-20,197.0,1.0,7,9,0
2013-09-21,253.0,1.0,1,9,0
2013-09-22,210.0,1.0,2,9,0
2013-09-23,168.0,1.0,3,9,0
2013-09-24,187.0,1.0,4,9,0
2013-09-25,147.0,1.0,5,9,0
2013-09-26,127.0,1.0,6,9,0
2013-09-27,181.0,1.0,7,9,0
2013-09-28,189.0,1.0,1,9,0
2013-09-29,176.0,1.0,2,9,0
2013-09-30,130.0,1.0,3,9,0
2013-10-01,77.0,1.0,4,10,0
2013-10-02,164.0,1.0,5,10,1
2013-10-03,117.0,1.0,6,10,1
2013-10-04,209.0,1.0,7,10,0
2013-10-05,200.0,1.0,1,10,1
2013-10-06,163.0,1.0,2,10,1
2013-10-07,144.0,1.0,3,10,0
2013-10-08,82.0,1.0,4,10,1
2013-10-09,101.0,1.0,5,10,1
2013-10-10,100.0,1.0,6,10,0
2013-10-11,155.0,1.0,7,10,1
2013-10-12,246.0,1.0,1,10,1
2013-10-13,145.0,1.0,2,10,0
2013-10-14,145.0,1.0,3,10,1
2013-10-15,26.0,1.0,4,10,1
2013-10-16,10.0,1.0,5,10,0
2013-10-17,24.0,1.0,6,10,0
2013-10-18,21.0,1.0,7,10,0
2013-10-19,140.0,1.38,1,10,0
2013-10-20,183.0,1.38,2,10,0
2013-10-21,47.0,1.38,3,10,0
2013-10-22,45.0,1.38,4,10,0
2013-10-23,24.0,1.38,5,10,0
2013-10-24,45.0,1.38,6,10,0
2013-10-25,65.0,1.38,7,10,0
2013-10-26,103.0,1.38,1,10,0
2013-10-27,79.0,1.38,2,10,0
2013-10-28,51.0,1.38,3,10,0
2013-10-29,48.0,1.38,4,10,0
2013-10-30,38.0,1.38,5,10,0
2013-10-31,71.0,1.38,6,10,0
2013-11-01,107.0,1.38,7,11,0
2013-11-02,152.0,1.38,1,11,1
2013-11-03,135.0,1.38,2,11,1
2013-11-04,87.0,1.38,3,11,0
2013-11-05,52.0,1.38,4,11,1
2013-11-06,60.0,1.38,5,11,1
2013-11-07,53.0,1.38,6,11,0
2013-11-08,91.0,1.38,7,11,1
2013-11-09,142.0,1.38,1,11,1
2013-11-10,96.0,1.38,2,11,0
2013-11-11,17.0,1.38,3,11,1
2013-11-12,86.39594610277385,1.38,4,11,1
2013-11-13,74.54565996328006,1.38,5,11,0
2013-11-14,72.71981564813473,1.38,6,11,1
2013-11-15,68.39542748884861,1.38,7,11,1
2013-11-16,102.84561795355677,1.38,1,11,0
2013-11-17,75.85163929393991,1.38,2,11,0
2013-11-18,76.56851476470644,1.38,3,11,0
2013-11-19,86.08632765664191,1.38,4,11,0
2013-11-20,67.4325968606991,1.38,5,11,0
2013-11-21,71.15919911775143,1.38,6,11,0
2013-11-22,58.54046593399943,1.38,7,11,0
2013-11-23,87.2293926605904,1.38,1,11,0
2013-11-24,93.84235164936308,1.38,2,11,0
2013-11-25,75.1226990810768,1.38,3,11,0
2013-11-26,70.95771506414644,1.38,4,11,0
2013-11-27,71.70369826937463,1.38,5,11,0
2013-11-28,55.005477450067474,1.38,6,11,0
2013-11-29,76.0767761537378,1.38,7,11,0
2013-11-30,184.96331923481264,1.0,1,11,0
2013-12-01,212.0,1.0,2,12,0
2013-12-02,192.0,1.0,3,12,1
2013-12-03,155.0,1.0,4,12,1
2013-12-04,181.0,1.0,5,12,0
2013-12-05,192.0,1.0,6,12,1
2013-12-06,184.0,1.0,7,12,1
2013-12-07,217.0,1.0,1,12,0
2013-12-08,2.0,1.0,2,12,1
2013-12-09,174.18714418352187,1.0,3,12,1
2013-12-10,157.70384941095102,1.0,4,12,0
2013-12-11,162.61039809187872,1.0,5,12,1
2013-12-12,147.47493059518354,1.0,6,12,1
2013-12-13,141.0886437953186,1.0,7,12,0
2013-12-14,181.04215811853214,1.0,1,12,1
2013-12-15,166.89795002901906,1.0,2,12,1
2013-12-16,168.07530560837677,1.0,3,12,0
2013-12-17,153.0407853629498,1.0,4,12,0
2013-12-18,155.8784595285016,1.0,5,12,0
2013-12-19,157.26465958707666,1.0,6,12,0
2013-12-20,140.4768706650106,1.0,7,12,0
2013-12-21,102.39894034911975,1.38,1,12,0
2013-12-22,84.59493004149806,1.38,2,12,0
2013-12-23,83.28452354040087,1.38,3,12,0
2013-12-24,85.52409160016668,1.38,4,12,0
2013-12-25,71.26412880962937,1.38,5,12,0
2013-12-26,74.0,1.38,6,12,0
2013-12-27,118.0,1.38,7,12,0
2013-12-28,99.0,1.38,1,12,0
2013-12-29,137.0,1.38,2,12,0
2013-12-30,142.0,1.38,3,12,0
2013-12-31,239.0,1.38,4,12,0
2014-01-01,74.0,1.38,5,1,0
2014-01-02,79.0,1.38,6,1,1
2014-01-03,93.0,1.38,7,1,1
2014-01-04,161.0,1.38,1,1,0
2014-01-05,134.0,1.38,2,1,1
2014-01-06,45.0,1.38,3,1,1
2014-01-07,82.0,1.38,4,1,0
2014-01-08,56.0,1.38,5,1,1
2014-01-09,102.0,1.38,6,1,1
2014-01-10,61.0,1.38,7,1,0
2014-01-11,149.0,1.38,1,1,1
2014-01-12,94.0,1.38,2,1,1
2014-01-13,42.0,1.38,3,1,0
2014-01-14,46.0,1.38,4,1,1
2014-01-15,70.0,1.38,5,1,1
2014-01-16,38.0,1.38,6,1,0
2014-01-17,88.0,1.38,7,1,0
2014-01-18,121.0,1.38,1,1,0
2014-01-19,110.0,1.38,2,1,0
2014-01-20,50.0,1.38,3,1,0
2014-01-21,48.0,1.38,4,1,0
2014-01-22,52.0,1.38,5,1,0
2014-01-23,12.0,1.38,6,1,0
2014-01-24,55.1131570786265,1.38,7,1,0
2014-01-25,144.0,1.44,1,1,0
2014-01-26,92.0,1.44,2,1,0
2014-01-27,49.0,1.44,3,1,0
2014-01-28,33.0,1.44,4,1,0
2014-01-29,49.0,1.44,5,1,0
2014-01-30,44.0,1.44,6,1,0
2014-01-31,107.0,1.44,7,1,0
2014-02-01,121.0,1.44,1,2,0
2014-02-02,94.0,1.44,2,2,1
2014-02-03,69.0,1.44,3,2,1
2014-02-04,64.0,1.44,4,2,0
2014-02-05,51.0,1.44,5,2,1
2014-02-06,46.0,1.44,6,2,1
2014-02-07,52.06830192265733,1.44,7,2,0
2014-02-08,107.22091464327195,1.44,1,2,1
2014-02-09,94.28863420400876,1.44,2,2,1
2014-02-10,83.95500551320345,1.44,3,2,0
2014-02-11,85.22722660777714,1.44,4,2,1
2014-02-12,71.58543209888188,1.44,5,2,1
2014-02-13,45.59740877908541,1.44,6,2,0
2014-02-14,56.463492780785145,1.44,7,2,1
2014-02-15,97.22783957873725,1.44,1,2,1
2014-02-16,75.16693732974119,1.44,2,2,0
2014-02-17,72.98563102034836,1.44,3,2,0
2014-02-18,72.77702869271468,1.44,4,2,0
2014-02-19,56.14457547770854,1.44,5,2,0
2014-02-20,49.03979025635698,1.44,6,2,0
2014-02-21,42.4879178073823,1.44,7,2,0
2014-02-22,82.49142432687535,1.44,1,2,0
2014-02-23,77.91435358134157,1.44,2,2,0
2014-02-24,67.55168507268013,1.44,3,2,0
2014-02-25,61.81144847682856,1.44,4,2,0
2014-02-26,54.93990104145206,1.44,5,2,0
2014-02-27,54.8581012314462,1.44,6,2,0
2014-02-28,52.02933940233203,1.44,7,2,0
2014-03-01,72.95371604553259,1.44,1,3,0
2014-03-02,69.73310830078424,1.44,2,3,1
2014-03-03,76.96980368214446,1.44,3,3,1
2014-03-04,54.59567274890799,1.44,4,3,0
2014-03-05,64.65620092998108,1.44,5,3,1
2014-03-06,66.7914402153499,1.44,6,3,1
2014-03-07,47.80534666276634,1.44,7,3,0
2014-03-08,87.89053470815742,1.44,1,3,1
2014-03-09,184.0,1.44,2,3,1
2014-03-10,65.0,1.44,3,3,0
2014-03-11,68.0,1.44,4,3,1
2014-03-12,52.0,1.44,5,3,1
2014-03-13,33.0,1.44,6,3,0
2014-03-14,77.0,1.44,7,3,1
2014-03-15,118.0,1.44,1,3,1
2014-03-16,76.0,1.44,2,3,0
2014-03-17,31.0,1.44,3,3,0
2014-03-18,60.0,1.44,4,3,0
2014-03-19,51.0,1.44,5,3,0
2014-03-20,37.0,1.44,6,3,0
2014-03-21,72.0,1.44,7,3,0
2014-03-22,111.0,1.44,1,3,0
2014-03-23,88.0,1.44,2,3,0
2014-03-24,32.0,1.44,3,3,0
2014-03-25,39.0,1.44,4,3,0
2014-03-26,39.0,1.44,5,3,0
2014-03-27,55.0,1.44,6,3,0
2014-03-28,100.0,1.44,7,3,0
2014-03-29,122.0,1.44,1,3,0
2014-03-30,104.0,1.44,2,3,0
2014-03-31,48.0,1.44,3,3,0
2014-04-01,29.0,1.44,4,4,0
2014-04-02,45.0,1.44,5,4,1
2014-04-03,51.0,1.44,6,4,1
2014-04-04,55.0,1.44,7,4,0
2014-04-05,98.0,1.44,1,4,1
2014-04-06,70.0,1.44,2,4,1
2014-04-07,49.0,1.44,3,4,0
2014-04-08,23.0,1.44,4,4,1
2014-04-09,65.0,1.44,5,4,1
2014-04-10,31.0,1.44,6,4,0
2014-04-11,72.0,1.44,7,4,1
2014-04-12,86.0,1.44,1,4,1
2014-04-13,68.0,1.44,2,4,0
2014-04-14,60.0,1.44,3,4,1
2014-04-15,39.0,1.44,4,4,1
2014-04-16,53.0,1.44,5,4,0
2014-04-17,39.0,1.44,6,4,0
2014-04-18,47.0,1.44,7,4,0
2014-04-19,97.0,1.44,1,4,0
2014-04-20,97.0,1.44,2,4,0
2014-04-21,54.0,1.44,3,4,0
2014-04-22,35.0,1.44,4,4,0
2014-04-23,49.0,1.44,5,4,0
2014-04-24,32.0,1.44,6,4,0
2014-04-25,50.0,1.44,7,4,0
2014-04-26,123.15654411402983,1.24,1,4,0
2014-04-27,110.9913579642332,1.24,2,4,0
2014-04-28,30.0,1.24,3,4,0
2014-04-29,56.0,1.24,4,4,0
2014-04-30,29.0,1.24,5,4,0
2014-05-01,25.0,1.24,6,5,0
2014-05-02,110.0,1.24,7,5,1
2014-05-03,180.0,1.24,1,5,1
2014-05-04,62.0,1.24,2,5,0
2014-05-05,50.0,1.24,3,5,1
2014-05-06,35.0,1.24,4,5,1
2014-05-07,54.0,1.24,5,5,0
2014-05-08,49.0,1.24,6,5,1
2014-05-09,104.0,1.24,7,5,1
2014-05-10,81.0,1.24,1,5,0
2014-05-11,85.0,1.24,2,5,1
2014-05-12,29.0,1.24,3,5,1
2014-05-13,101.5726987730265,1.24,4,5,0
2014-05-14,106.79719214840367,1.24,5,5,1
2014-05-15,92.45833749836765,1.24,6,5,1
2014-05-16,80.8544096098604,1.24,7,5,0
2014-05-17,116.1772018684926,1.24,1,5,0
2014-05-18,108.2388067075135,1.24,2,5,0
2014-05-19,115.1686619768605,1.24,3,5,0
2014-05-20,97.90973282657961,1.24,4,5,0
2014-05-21,101.16765006662428,1.24,5,5,0
2014-05-22,92.3128608462792,1.24,6,5,0
2014-05-23,87.47363782779593,1.24,7,5,0
2014-05-24,117.28029090497273,1.24,1,5,0
2014-05-25,109.17606024246197,1.24,2,5,0
2014-05-26,98.29521528130658,1.24,3,5,0
2014-05-27,87.97284459469614,1.24,4,5,0
2014-05-28,95.19564311416559,1.24,5,5,0
2014-05-29,94.55300802591933,1.24,6,5,0
2014-05-30,87.73244389334695,1.24,7,5,0
2014-05-31,117.64182367720866,1.24,1,5,0
2014-06-01,91.67532966730931,1.24,2,6,0
2014-06-02,92.03364179309199,1.24,3,6,1
2014-06-03,106.51169131392436,1.24,4,6,1
2014-06-04,94.31367192438393,1.24,5,6,0
2014-06-05,99.84187135665633,1.24,6,6,1
2014-06-06,84.03656649435891,1.24,7,6,1
2014-06-07,86.33623154609813,1.38,1,6,0
2014-06-08,85.31556806822516,1.38,2,6,1
2014-06-09,79.67324244305581,1.38,3,6,1
2014-06-10,69.91395614357668,1.38,4,6,0
2014-06-11,85.0,1.38,5,6,1
2014-06-12,63.0,1.38,6,6,1
2014-06-13,50.0,1.38,7,6,0
2014-06-14,68.0,1.38,1,6,1
2014-06-15,140.0,1.38,2,6,1
2014-06-16,51.0,1.38,3,6,0
2014-06-17,87.0,1.38,4,6,0
2014-06-18,36.0,1.38,5,6,0
2014-06-19,54.0,1.38,6,6,0
2014-06-20,77.0,1.38,7,6,0
2014-06-21,77.0,1.38,1,6,0
2014-06-22,94.0,1.38,2,6,0
2014-06-23,32.0,1.38,3,6,0
2014-06-24,68.0,1.38,4,6,0
2014-06-25,31.0,1.38,5,6,0
2014-06-26,25.0,1.38,6,6,0
2014-06-27,56.0,1.38,7,6,0
2014-06-28,140.0,1.38,1,6,0
2014-06-29,64.0,1.38,2,6,0
2014-06-30,39.0,1.38,3,6,0
2014-07-01,31.0,1.38,4,7,0
2014-07-02,57.0,1.38,5,7,1
2014-07-03,103.0,1.38,6,7,1
2014-07-04,86.0,1.38,7,7,0
2014-07-05,83.0,1.38,1,7,1
2014-07-06,64.0,1.38,2,7,1
2014-07-07,35.0,1.38,3,7,0
2014-07-08,54.0,1.38,4,7,1
2014-07-09,57.0,1.38,5,7,1
2014-07-10,41.0,1.38,6,7,0
2014-07-11,92.0,1.38,7,7,1
2014-07-12,56.0,1.38,1,7,1
2014-07-13,63.0,1.38,2,7,0
2014-07-14,33.0,1.38,3,7,1
2014-07-15,59.0,1.38,4,7,1
2014-07-16,46.0,1.38,5,7,0
2014-07-17,73.0,1.38,6,7,0
2014-07-18,60.0,1.38,7,7,0
2014-07-19,69.0,1.38,1,7,0
2014-07-20,62.0,1.38,2,7,0
2014-07-21,29.0,1.38,3,7,0
2014-07-22,46.0,1.38,4,7,0
2014-07-23,42.0,1.38,5,7,0
2014-07-24,44.0,1.38,6,7,0
2014-07-25,59.0,1.38,7,7,0
2014-07-26,82.0,1.38,1,7,0
2014-07-27,67.0,1.38,2,7,0
2014-07-28,23.0,1.38,3,7,0
2014-07-29,34.0,1.38,4,7,0
2014-07-30,28.0,1.38,5,7,0
2014-07-31,40.0,1.38,6,7,0
2014-08-01,61.0,1.38,7,8,0
2014-08-02,126.0,1.38,1,8,1
2014-08-03,78.0,1.38,2,8,1
2014-08-04,31.0,1.38,3,8,0
2014-08-05,50.0,1.38,4,8,1
2014-08-06,34.0,1.38,5,8,1
2014-08-07,49.0,1.38,6,8,0
2014-08-08,72.0,1.38,7,8,1
2014-08-09,76.0,1.38,1,8,1
2014-08-10,77.0,1.38,2,8,0
2014-08-11,35.0,1.38,3,8,1
2014-08-12,43.0,1.38,4,8,1
2014-08-13,38.0,1.38,5,8,0
2014-08-14,32.0,1.38,6,8,1
2014-08-15,48.0,1.38,7,8,1
2014-08-16,54.0,1.38,1,8,0
2014-08-17,64.0,1.38,2,8,0
2014-08-18,14.0,1.38,3,8,0
2014-08-19,38.0,1.38,4,8,0
2014-08-20,48.0,1.38,5,8,0
2014-08-21,32.0,1.38,6,8,0
2014-08-22,54.0,1.38,7,8,0
2014-08-23,44.0,1.38,1,8,0
2014-08-24,82.0,1.38,2,8,0
2014-08-25,52.0,1.38,3,8,0
2014-08-26,39.0,1.38,4,8,0
2014-08-27,40.0,1.38,5,8,0
2014-08-28,21.0,1.38,6,8,0
2014-08-29,71.0,1.38,7,8,0
2014-08-30,84.0,1.38,1,8,0
2014-08-31,77.0,1.38,2,8,0
2014-09-01,86.0,1.38,3,9,0
2014-09-02,47.0,1.38,4,9,1
2014-09-03,42.0,1.38,5,9,1
2014-09-04,80.0,1.38,6,9,0
2014-09-05,54.0,1.38,7,9,1
2014-09-06,71.0,1.38,1,9,1
2014-09-07,65.0,1.38,2,9,0
2014-09-08,55.0,1.38,3,9,1
2014-09-09,67.0,1.38,4,9,1
2014-09-10,38.0,1.38,5,9,0
2014-09-11,33.0,1.38,6,9,1
2014-09-12,62.0,1.38,7,9,1
2014-09-13,70.0,1.38,1,9,0
2014-09-14,72.0,1.38,2,9,1
2014-09-15,41.0,1.38,3,9,1
2014-09-16,46.0,1.38,4,9,0
2014-09-17,32.0,1.38,5,9,0
2014-09-18,38.0,1.38,6,9,0
2014-09-19,51.0,1.38,7,9,0
2014-09-20,72.0,1.38,1,9,0
2014-09-21,62.0,1.38,2,9,0
2014-09-22,29.0,1.38,3,9,0
2014-09-23,49.0,1.38,4,9,0
2014-09-24,50.0,1.38,5,9,0
2014-09-25,32.0,1.38,6,9,0
2014-09-26,59.0,1.38,7,9,0
2014-09-27,84.0,1.38,1,9,0
2014-09-28,47.0,1.38,2,9,0
2014-09-29,47.0,1.38,3,9,0
2014-09-30,33.0,1.38,4,9,0
2014-10-01,47.0,1.38,5,10,0
2014-10-02,53.0,1.38,6,10,1
2014-10-03,77.0,1.38,7,10,1
2014-10-04,134.0,1.38,1,10,0
2014-10-05,84.0,1.38,2,10,1
2014-10-06,73.0,1.38,3,10,1
2014-10-07,35.0,1.38,4,10,0
2014-10-08,51.0,1.38,5,10,1
2014-10-09,53.0,1.38,6,10,1
2014-10-10,65.0,1.38,7,10,0
2014-10-11,75.0,1.38,1,10,1
2014-10-12,64.0,1.38,2,10,1
2014-10-13,24.0,1.38,3,10,0
2014-10-14,35.0,1.38,4,10,1
2014-10-15,55.0,1.38,5,10,1
2014-10-16,44.0,1.38,6,10,0
2014-10-17,48.0,1.38,7,10,0
2014-10-18,87.0,1.38,1,10,0
2014-10-19,92.0,1.38,2,10,0
2014-10-20,34.0,1.38,3,10,0
2014-10-21,25.0,1.38,4,10,0
2014-10-22,50.0,1.38,5,10,0
2014-10-23,44.0,1.38,6,10,0
2014-10-24,81.0,1.38,7,10,0
2014-10-25,86.0,1.38,1,10,0
2014-10-26,60.0,1.38,2,10,0
2014-10-27,39.0,1.38,3,10,0
2014-10-28,28.0,1.38,4,10,0
2014-10-29,27.0,1.38,5,10,0
2014-10-30,61.0,1.38,6,10,0
2014-10-31,55.0,1.38,7,10,0
2014-11-01,95.0,1.38,1,11,0
2014-11-02,95.0,1.38,2,11,1
2014-11-03,57.0,1.38,3,11,1
2014-11-04,71.0,1.38,4,11,0
2014-11-05,34.0,1.38,5,11,1
2014-11-06,38.0,1.38,6,11,1
2014-11-07,62.0,1.38,7,11,0
2014-11-08,87.0,1.38,1,11,1
2014-11-09,72.0,1.38,2,11,1
2014-11-10,30.0,1.38,3,11,0
2014-11-11,31.0,1.38,4,11,1
2014-11-12,38.0,1.38,5,11,1
2014-11-13,38.0,1.38,6,11,0
2014-11-14,54.0,1.38,7,11,1
2014-11-15,79.0,1.38,1,11,1
2014-11-16,72.0,1.38,2,11,0
2014-11-17,45.0,1.38,3,11,0
2014-11-18,29.0,1.38,4,11,0
2014-11-19,31.0,1.38,5,11,0
2014-11-20,35.0,1.38,6,11,0
2014-11-21,45.0,1.38,7,11,0
2014-11-22,64.0,1.38,1,11,0
2014-11-23,41.0,1.38,2,11,0
2014-11-24,32.0,1.38,3,11,0
2014-11-25,52.0,1.38,4,11,0
2014-11-26,118.0,1.38,5,11,0
2014-11-27,151.0,1.38,6,11,0
2014-11-28,60.0,1.38,7,11,0
2014-11-29,70.0,1.38,1,11,0
2014-11-30,45.0,1.38,2,11,0
2014-12-01,78.63442816606187,1.38,3,12,0
2014-12-02,77.04998085447846,1.38,4,12,1
2014-12-03,78.2090764607492,1.38,5,12,1
2014-12-04,61.18306962743884,1.38,6,12,0
2014-12-05,72.3462584072787,1.38,7,12,1
2014-12-06,107.25478607865614,1.38,1,12,1
2014-12-07,92.48501304973865,1.38,2,12,0
2014-12-08,91.43374726596807,1.38,3,12,1
2014-12-09,73.418252235272,1.38,4,12,1
2014-12-10,67.10020772425497,1.38,5,12,0
2014-12-11,74.18968223198357,1.38,6,12,1
2014-12-12,72.04603633072679,1.38,7,12,1
2014-12-13,105.9613490868004,1.38,1,12,0
2014-12-14,106.94489832560942,1.38,2,12,1
2014-12-15,95.1794693869947,1.38,3,12,1
2014-12-16,76.36854813196493,1.38,4,12,0
2014-12-17,62.04989263588112,1.38,5,12,0
2014-12-18,70.75470190175088,1.38,6,12,0
2014-12-19,60.11572852283882,1.38,7,12,0
2014-12-20,94.64866999399658,1.38,1,12,0
2014-12-21,86.17683306104635,1.38,2,12,0
2014-12-22,81.20029847014075,1.38,3,12,0
2014-12-23,74.07852855475693,1.38,4,12,0
2014-12-24,74.90819219540202,1.38,5,12,0
2014-12-25,59.32019256372615,1.38,6,12,0
2014-12-26,62.35973631633681,1.38,7,12,0
2014-12-27,90.26616754576963,1.38,1,12,0
2014-12-28,95.67046156142663,1.38,2,12,0
2014-12-29,75.08062307647504,1.38,3,12,0
2014-12-30,75.73335808850743,1.38,4,12,0
2014-12-31,71.81554030796121,1.38,5,12,0
2015-01-01,66.485134721353,1.38,6,1,0
2015-01-02,70.50229849274774,1.38,7,1,1
2015-01-03,112.85680480662887,1.38,1,1,1
2015-01-04,54.0,1.38,2,1,0
2015-01-05,52.0,1.38,3,1,1
2015-01-06,85.0,1.38,4,1,1
2015-01-07,40.0,1.38,5,1,0
2015-01-08,32.0,1.38,6,1,1
2015-01-09,81.0,1.38,7,1,1
2015-01-10,117.0,1.38,1,1,0
2015-01-11,112.0,1.38,2,1,1
2015-01-12,66.0,1.38,3,1,1
2015-01-13,59.0,1.38,4,1,0
2015-01-14,96.0,1.38,5,1,1
2015-01-15,50.0,1.38,6,1,1
2015-01-16,95.0,1.38,7,1,0
2015-01-17,128.0,1.38,1,1,0
2015-01-18,109.0,1.38,2,1,0
2015-01-19,56.0,1.38,3,1,0
2015-01-20,56.0,1.38,4,1,0
2015-01-21,36.0,1.38,5,1,0
2015-01-22,28.0,1.38,6,1,0
2015-01-23,90.0,1.38,7,1,0
2015-01-24,108.0,1.38,1,1,0
2015-01-25,92.0,1.38,2,1,0
2015-01-26,42.0,1.38,3,1,0
2015-01-27,56.0,1.38,4,1,0
2015-01-28,44.0,1.38,5,1,0
2015-01-29,40.0,1.38,6,1,0
2015-01-30,72.0,1.38,7,1,0
2015-01-31,145.0,1.38,1,1,0
2015-02-01,75.0,1.38,2,2,0
2015-02-02,59.0,1.38,3,2,1
2015-02-03,78.0,1.38,4,2,1
2015-02-04,70.0,1.38,5,2,0
2015-02-05,59.0,1.38,6,2,1
2015-02-06,97.0,1.38,7,2,1
2015-02-07,97.0,1.38,1,2,0
2015-02-08,81.0,1.38,2,2,1
2015-02-09,54.0,1.38,3,2,1
2015-02-10,44.0,1.38,4,2,0
2015-02-11,64.0,1.38,5,2,1
2015-02-12,38.0,1.38,6,2,1
2015-02-13,61.61612320341857,1.38,7,2,0
2015-02-14,93.94139898041635,1.38,1,2,1
2015-02-15,91.81149969283365,1.38,2,2,1
2015-02-16,73.38089017741402,1.38,3,2,0
2015-02-17,70.49909472981471,1.38,4,2,0
2015-02-18,68.14205361932773,1.38,5,2,0
2015-02-19,76.32051654386402,1.38,6,2,0
2015-02-20,57.123772443163716,1.38,7,2,0
2015-02-21,94.59634928020432,1.38,1,2,0
2015-02-22,86.99175427759116,1.38,2,2,0
2015-02-23,89.14159549415564,1.38,3,2,0
2015-02-24,70.37985617859829,1.38,4,2,0
2015-02-25,78.9096368765504,1.38,5,2,0
2015-02-26,64.04130983871221,1.38,6,2,0
2015-02-27,71.31163089243103,1.38,7,2,0
2015-02-28,98.83655078495167,1.38,1,2,0
2015-03-01,91.2723907866282,1.38,2,3,0
2015-03-02,90.81141016905315,1.38,3,3,1
2015-03-03,81.07413905422703,1.38,4,3,1
2015-03-04,67.57050294133467,1.38,5,3,0
2015-03-05,75.18509950901574,1.38,6,3,1
2015-03-06,66.51871417504452,1.38,7,3,1
2015-03-07,99.20092641204195,1.38,1,3,0
2015-03-08,98.0426867601252,1.38,2,3,1
2015-03-09,98.61663446455805,1.38,3,3,1
2015-03-10,86.37262194164526,1.38,4,3,0
2015-03-11,87.47482138826427,1.38,5,3,1
2015-03-12,81.0,1.38,6,3,1
2015-03-13,76.0,1.38,7,3,0
2015-03-14,102.0,1.38,1,3,1
2015-03-15,78.0,1.38,2,3,1
2015-03-16,60.0,1.38,3,3,0
2015-03-17,46.0,1.38,4,3,0
2015-03-18,27.0,1.38,5,3,0
2015-03-19,44.0,1.38,6,3,0
2015-03-20,83.0,1.38,7,3,0
2015-03-21,87.0,1.38,1,3,0
2015-03-22,89.0,1.38,2,3,0
2015-03-23,37.0,1.38,3,3,0
2015-03-24,70.0,1.38,4,3,0
2015-03-25,42.0,1.38,5,3,0
2015-03-26,44.0,1.38,6,3,0
2015-03-27,74.0,1.38,7,3,0
2015-03-28,90.0,1.38,1,3,0
2015-03-29,77.0,1.38,2,3,0
2015-03-30,44.0,1.38,3,3,0
2015-03-31,48.0,1.38,4,3,0
2015-04-01,61.0,1.38,5,4,0
2015-04-02,74.0,1.38,6,4,1
2015-04-03,150.0,1.38,7,4,1
2015-04-04,3.0,1.38,1,4,0
2015-04-05,5.0,1.38,2,4,1
2015-04-06,40.0,1.38,3,4,1
2015-04-07,48.0,1.38,4,4,0
2015-04-08,51.0,1.38,5,4,1
2015-04-09,49.0,1.38,6,4,1
2015-04-10,88.0,1.38,7,4,0
2015-04-11,109.0,1.38,1,4,1
2015-04-12,70.0,1.38,2,4,1
2015-04-13,93.0,1.38,3,4,0
2015-04-14,41.0,1.38,4,4,1
2015-04-15,40.0,1.38,5,4,1
2015-04-16,61.0,1.38,6,4,0
2015-04-17,55.0,1.38,7,4,0
2015-04-18,122.0,1.38,1,4,0
2015-04-19,98.0,1.38,2,4,0
2015-04-20,38.0,1.38,3,4,0
2015-04-21,53.0,1.38,4,4,0
2015-04-22,38.0,1.38,5,4,0
2015-04-23,58.0,1.38,6,4,0
2015-04-24,73.0,1.38,7,4,0
2015-04-25,120.0,1.38,1,4,0
2015-04-26,120.0,1.38,2,4,0
2015-04-27,66.0,1.38,3,4,0
2015-04-28,38.0,1.38,4,4,0
2015-04-29,53.0,1.38,5,4,0
2015-04-30,58.0,1.38,6,4,0
2015-05-01,87.0,1.38,7,5,0
2015-05-02,139.0,1.38,1,5,1
2015-05-03,101.0,1.38,2,5,1
2015-05-04,50.0,1.38,3,5,0
2015-05-05,60.0,1.38,4,5,1
2015-05-06,54.0,1.38,5,5,1
2015-05-07,67.0,1.38,6,5,0
2015-05-08,120.0,1.38,7,5,1
2015-05-09,102.0,1.38,1,5,1
2015-05-10,112.0,1.38,2,5,0
2015-05-11,65.0,1.38,3,5,1
2015-05-12,35.0,1.38,4,5,1
2015-05-13,62.0,1.38,5,5,0
2015-05-14,75.85403101208954,1.38,6,5,1
2015-05-15,56.481386901760175,1.38,7,5,1
2015-05-16,85.04181092736064,1.38,1,5,0
2015-05-17,68.59642066464073,1.38,2,5,0
2015-05-18,80.46846989505514,1.38,3,5,0
2015-05-19,65.50373231706357,1.38,4,5,0
2015-05-20,65.78264770516063,1.38,5,5,0
2015-05-21,58.49058549560493,1.38,6,5,0
2015-05-22,55.35135407133936,1.38,7,5,0
2015-05-23,84.69550558616515,1.38,1,5,0
2015-05-24,85.16462532433019,1.38,2,5,0
2015-05-25,73.69474391057764,1.38,3,5,0
2015-05-26,70.44077840981981,1.38,4,5,0
2015-05-27,66.80216549896232,1.38,5,5,0
2015-05-28,58.68725029382057,1.38,6,5,0
2015-05-29,47.763639579079495,1.38,7,5,0
2015-05-30,97.8275919491719,1.38,1,5,0
2015-05-31,89.18616768334545,1.38,2,5,0
2015-06-01,83.6971096539711,1.38,3,6,0
2015-06-02,79.65482476676186,1.38,4,6,1
2015-06-03,67.44472883140088,1.38,5,6,1
2015-06-04,51.04217207549942,1.38,6,6,0
2015-06-05,63.309090488955235,1.38,7,6,1
2015-06-06,94.0792913126163,1.38,1,6,1
2015-06-07,79.28136880379958,1.38,2,6,0
2015-06-08,85.13659506797597,1.38,3,6,1
2015-06-09,71.64102175024095,1.38,4,6,1
2015-06-10,58.61124392231568,1.38,5,6,0
2015-06-11,62.65475441463457,1.38,6,6,1
2015-06-12,48.111107020583574,1.38,7,6,1
2015-06-13,88.94738172085977,1.38,1,6,0
2015-06-14,109.0,1.38,2,6,1
2015-06-15,46.0,1.38,3,6,1
2015-06-16,74.0,1.38,4,6,0
2015-06-17,76.0,1.38,5,6,0
2015-06-18,48.0,1.38,6,6,0
2015-06-19,113.0,1.38,7,6,0
2015-06-20,122.0,1.38,1,6,0
2015-06-21,110.0,1.38,2,6,0
2015-06-22,66.0,1.38,3,6,0
2015-06-23,46.0,1.38,4,6,0
2015-06-24,33.0,1.38,5,6,0
2015-06-25,57.0,1.38,6,6,0
2015-06-26,79.0,1.38,7,6,0
2015-06-27,108.0,1.38,1,6,0
2015-06-28,66.0,1.38,2,6,0
2015-06-29,61.0,1.38,3,6,0
2015-06-30,62.0,1.38,4,6,0
2015-07-01,51.0,1.38,5,7,0
2015-07-02,65.0,1.38,6,7,1
2015-07-03,160.0,1.38,7,7,1
2015-07-04,143.0,1.38,1,7,0
2015-07-05,48.0,1.38,2,7,1
2015-07-06,46.0,1.38,3,7,1
2015-07-07,52.0,1.38,4,7,0
2015-07-08,30.0,1.38,5,7,1
2015-07-09,44.0,1.38,6,7,1
2015-07-10,79.0,1.38,7,7,0
2015-07-11,133.0,1.38,1,7,1
2015-07-12,131.0,1.38,2,7,1
2015-07-13,65.0,1.38,3,7,0
2015-07-14,70.0,1.38,4,7,1
2015-07-15,79.0,1.38,5,7,1
2015-07-16,80.0,1.38,6,7,0
2015-07-17,131.0,1.38,7,7,0
2015-07-18,73.0,1.38,1,7,0
2015-07-19,122.0,1.38,2,7,0
2015-07-20,68.0,1.38,3,7,0
2015-07-21,56.0,1.38,4,7,0
2015-07-22,95.0,1.38,5,7,0
2015-07-23,54.0,1.38,6,7,0
2015-07-24,102.0,1.38,7,7,0
2015-07-25,116.0,1.38,1,7,0
2015-07-26,68.0,1.38,2,7,0
2015-07-27,67.0,1.38,3,7,0
2015-07-28,45.0,1.38,4,7,0
2015-07-29,44.0,1.38,5,7,0
2015-07-30,51.0,1.38,6,7,0
2015-07-31,90.0,1.38,7,7,0
2015-08-01,110.0,1.38,1,8,0
2015-08-02,96.0,1.38,2,8,1
2015-08-03,50.0,1.38,3,8,1
2015-08-04,58.0,1.38,4,8,0
2015-08-05,68.0,1.38,5,8,1
2015-08-06,59.0,1.38,6,8,1
2015-08-07,123.0,1.38,7,8,0
2015-08-08,101.0,1.38,1,8,1
2015-08-09,90.0,1.38,2,8,1
2015-08-10,38.0,1.38,3,8,0
2015-08-11,70.0,1.38,4,8,1
2015-08-12,33.0,1.38,5,8,1
2015-08-13,36.0,1.38,6,8,0
2015-08-14,90.0,1.38,7,8,1
2015-08-15,108.0,1.38,1,8,1
2015-08-16,112.0,1.38,2,8,0
2015-08-17,60.0,1.38,3,8,0
2015-08-18,57.0,1.38,4,8,0
2015-08-19,42.0,1.38,5,8,0
2015-08-20,55.0,1.38,6,8,0
2015-08-21,80.0,1.38,7,8,0
2015-08-22,96.0,1.38,1,8,0
2015-08-23,60.0,1.38,2,8,0
2015-08-24,32.0,1.38,3,8,0
2015-08-25,53.0,1.38,4,8,0
2015-08-26,53.0,1.38,5,8,0
2015-08-27,69.0,1.38,6,8,0
2015-08-28,72.0,1.38,7,8,0
2015-08-29,108.0,1.38,1,8,0
2015-08-30,76.0,1.38,2,8,0
2015-08-31,44.0,1.38,3,8,0
2015-09-01,32.0,1.38,4,9,0
2015-09-02,48.0,1.38,5,9,1
2015-09-03,67.0,1.38,6,9,1
2015-09-04,76.0,1.38,7,9,0
2015-09-05,103.0,1.38,1,9,1
2015-09-06,113.0,1.38,2,9,1
2015-09-07,74.0,1.38,3,9,0
2015-09-08,61.0,1.38,4,9,1
2015-09-09,58.0,1.38,5,9,1
2015-09-10,56.0,1.38,6,9,0
2015-09-11,81.0,1.38,7,9,1
2015-09-12,105.0,1.38,1,9,1
2015-09-13,110.0,1.38,2,9,0
2015-09-14,73.0,1.38,3,9,1
2015-09-15,48.0,1.38,4,9,1
2015-09-16,65.0,1.38,5,9,0
2015-09-17,54.0,1.38,6,9,0
2015-09-18,93.0,1.38,7,9,0
2015-09-19,90.0,1.38,1,9,0
2015-09-20,67.0,1.38,2,9,0
2015-09-21,60.0,1.38,3,9,0
2015-09-22,57.0,1.38,4,9,0
2015-09-23,39.0,1.38,5,9,0
2015-09-24,83.0,1.38,6,9,0
2015-09-25,120.0,1.38,7,9,0
2015-09-26,100.0,1.38,1,9,0
2015-09-27,61.0,1.38,2,9,0
2015-09-28,52.0,1.38,3,9,0
2015-09-29,22.0,1.38,4,9,0
2015-09-30,47.0,1.38,5,9,0
2015-10-01,66.0,1.38,6,10,0
2015-10-02,100.0,1.38,7,10,1
2015-10-03,127.0,1.38,1,10,1
2015-10-04,66.0,1.38,2,10,0
2015-10-05,66.0,1.38,3,10,1
2015-10-06,39.0,1.38,4,10,1
2015-10-07,62.0,1.38,5,10,0
2015-10-08,61.0,1.38,6,10,1
2015-10-09,77.0,1.38,7,10,1
2015-10-10,127.0,1.38,1,10,0
2015-10-11,88.0,1.38,2,10,1
2015-10-12,57.0,1.38,3,10,1
2015-10-13,57.0,1.38,4,10,0
2015-10-14,49.0,1.38,5,10,1
2015-10-15,56.0,1.38,6,10,1
2015-10-16,85.0,1.38,7,10,0
2015-10-17,89.0,1.38,1,10,0
2015-10-18,99.0,1.38,2,10,0
2015-10-19,70.0,1.38,3,10,0
2015-10-20,43.0,1.38,4,10,0
2015-10-21,53.0,1.38,5,10,0
2015-10-22,62.0,1.38,6,10,0
2015-10-23,124.0,1.38,7,10,0
2015-10-24,132.0,1.38,1,10,0
2015-10-25,80.0,1.38,2,10,0
2015-10-26,50.0,1.38,3,10,0
2015-10-27,36.0,1.38,4,10,0
2015-10-28,46.0,1.38,5,10,0
2015-10-29,62.0,1.38,6,10,0
2015-10-30,118.0,1.38,7,10,0
2015-10-31,132.0,1.38,1,10,0
2015-11-01,77.0,1.38,2,11,0
2015-11-02,64.0,1.38,3,11,1
2015-11-03,59.0,1.38,4,11,1
2015-11-04,44.0,1.38,5,11,0
2015-11-05,60.0,1.38,6,11,1
2015-11-06,81.0,1.38,7,11,1
2015-11-07,62.0,1.38,1,11,0
2015-11-08,100.0,1.38,2,11,1
2015-11-09,71.0,1.38,3,11,1
2015-11-10,40.0,1.38,4,11,0
2015-11-11,39.0,1.38,5,11,1
2015-11-12,56.0,1.38,6,11,1
2015-11-13,81.0,1.38,7,11,0
2015-11-14,117.0,1.38,1,11,1
2015-11-15,79.0,1.38,2,11,1
2015-11-16,36.0,1.38,3,11,0
2015-11-17,34.0,1.38,4,11,0
2015-11-18,54.0,1.38,5,11,0
2015-11-19,40.0,1.38,6,11,0
2015-11-20,65.0,1.38,7,11,0
2015-11-21,102.0,1.38,1,11,0
2015-11-22,84.0,1.38,2,11,0
2015-11-23,48.0,1.38,3,11,0
2015-11-24,73.0,1.38,4,11,0
2015-11-25,143.0,1.38,5,11,0
2015-11-26,198.0,1.38,6,11,0
2015-11-27,39.0,1.38,7,11,0
2015-11-28,71.0,1.38,1,11,0
2015-11-29,70.0,1.38,2,11,0
2015-11-30,39.0,1.38,3,11,0
2015-12-01,66.0,1.38,4,12,0
2015-12-02,81.0,1.38,5,12,1
2015-12-03,67.43336847266113,1.38,6,12,1
2015-12-04,70.84326628682737,1.38,7,12,0
2015-12-05,102.52122358601895,1.38,1,12,1
2015-12-06,104.40063390166256,1.38,2,12,1
2015-12-07,90.70345792112289,1.38,3,12,0
2015-12-08,83.63900025927546,1.38,4,12,1
2015-12-09,79.5066256580356,1.38,5,12,1
2015-12-10,70.09821662716536,1.38,6,12,0
2015-12-11,68.16217786171,1.38,7,12,1
2015-12-12,107.01307901682145,1.38,1,12,1
2015-12-13,81.51360848235134,1.38,2,12,0
2015-12-14,80.2134011704876,1.38,3,12,1
2015-12-15,80.01118217896686,1.38,4,12,1
2015-12-16,65.04466479474797,1.38,5,12,0
2015-12-17,55.10661865435992,1.38,6,12,0
2015-12-18,55.46916661557492,1.38,7,12,0
2015-12-19,93.32280640982378,1.38,1,12,0
2015-12-20,83.82534412165938,1.38,2,12,0
2015-12-21,89.96973456890629,1.38,3,12,0
2015-12-22,80.960758847325,1.38,4,12,0
2015-12-23,76.42667085746683,1.38,5,12,0
2015-12-24,67.46434744762684,1.38,6,12,0
2015-12-25,57.70191147238438,1.38,7,12,0
2015-12-26,92.73041152952595,1.38,1,12,0
2015-12-27,78.7789559322585,1.38,2,12,0
2015-12-28,77.27652121727124,1.38,3,12,0
2015-12-29,77.5837115859606,1.38,4,12,0
2015-12-30,67.08589280474649,1.38,5,12,0
2015-12-31,55.905721387274696,1.38,6,12,0
2016-01-01,55.55823848976161,1.38,7,1,0
2016-01-02,111.95484673703794,1.38,1,1,1
2016-01-03,90.33772901286858,1.38,2,1,1
2016-01-04,91.4160197661484,1.38,3,1,0
2016-01-05,88.03110244944668,1.38,4,1,1
2016-01-06,80.3072960231836,1.38,5,1,1
2016-01-07,82.0,1.38,6,1,0
2016-01-08,99.0,1.38,7,1,1
2016-01-09,117.0,1.38,1,1,1
2016-01-10,104.0,1.38,2,1,0
2016-01-11,81.0,1.38,3,1,1
2016-01-12,52.0,1.38,4,1,1
2016-01-13,50.0,1.38,5,1,0
2016-01-14,71.0,1.38,6,1,1
2016-01-15,123.0,1.38,7,1,1
2016-01-16,160.0,1.38,1,1,0
2016-01-17,96.0,1.38,2,1,0
2016-01-18,45.0,1.38,3,1,0
2016-01-19,72.0,1.38,4,1,0
2016-01-20,39.0,1.38,5,1,0
2016-01-21,48.0,1.38,6,1,0
2016-01-22,90.0,1.38,7,1,0
2016-01-23,117.0,1.38,1,1,0
2016-01-24,113.0,1.38,2,1,0
2016-01-25,54.0,1.38,3,1,0
2016-01-26,45.0,1.38,4,1,0
2016-01-27,50.0,1.38,5,1,0
2016-01-28,48.0,1.38,6,1,0
2016-01-29,122.0,1.38,7,1,0
2016-01-30,101.0,1.38,1,1,0
2016-01-31,103.0,1.38,2,1,0
2016-02-01,65.0,1.38,3,2,0
2016-02-02,55.0,1.38,4,2,1
2016-02-03,51.0,1.38,5,2,1
2016-02-04,76.0,1.38,6,2,0
2016-02-05,62.0,1.38,7,2,1
2016-02-06,128.0,1.38,1,2,1
2016-02-07,124.0,1.38,2,2,0
2016-02-08,47.0,1.38,3,2,1
2016-02-09,46.0,1.38,4,2,1
2016-02-10,61.0,1.38,5,2,0
2016-02-11,54.0,1.38,6,2,1
2016-02-12,99.0,1.38,7,2,1
2016-02-13,108.0,1.38,1,2,0
2016-02-14,174.0,1.38,2,2,1
2016-02-15,84.0,1.38,3,2,1
2016-02-16,85.0,1.38,4,2,0
2016-02-17,68.0,1.38,5,2,0
2016-02-18,43.0,1.38,6,2,0
2016-02-19,116.0,1.38,7,2,0
2016-02-20,160.0,1.38,1,2,0
2016-02-21,130.0,1.38,2,2,0
2016-02-22,47.0,1.38,3,2,0
2016-02-23,46.0,1.38,4,2,0
2016-02-24,34.0,1.38,5,2,0
2016-02-25,65.0,1.38,6,2,0
2016-02-26,104.0,1.38,7,2,0
2016-02-27,129.0,1.38,1,2,0
2016-02-28,118.0,1.38,2,2,0
2016-02-29,63.0,1.38,3,2,0
2016-03-01,51.0,1.38,4,3,0
2016-03-02,68.0,1.38,5,3,1
2016-03-03,84.0,1.38,6,3,1
2016-03-04,95.0,1.38,7,3,0
2016-03-05,164.0,1.38,1,3,1
2016-03-06,86.0,1.38,2,3,1
2016-03-07,79.0,1.38,3,3,0
2016-03-08,35.0,1.38,4,3,1
2016-03-09,43.0,1.38,5,3,1
2016-03-10,45.0,1.38,6,3,0
2016-03-11,80.0,1.38,7,3,1
2016-03-12,153.0,1.38,1,3,1
2016-03-13,109.0,1.38,2,3,0
2016-03-14,121.0,1.38,3,3,1
2016-03-15,44.0,1.38,4,3,1
2016-03-16,42.0,1.38,5,3,0
2016-03-17,60.0,1.38,6,3,0
2016-03-18,83.0,1.38,7,3,0
2016-03-19,109.0,1.38,1,3,0
2016-03-20,77.0,1.38,2,3,0
2016-03-21,46.0,1.38,3,3,0
2016-03-22,38.0,1.38,4,3,0
2016-03-23,40.0,1.38,5,3,0
2016-03-24,63.0,1.38,6,3,0
2016-03-25,116.0,1.38,7,3,0
2016-03-26,138.0,1.38,1,3,0
2016-03-27,154.0,1.38,2,3,0
2016-03-28,7.0,1.38,3,3,0
2016-03-29,63.0,1.38,4,3,0
2016-03-30,70.0,1.38,5,3,0
2016-03-31,64.0,1.38,6,3,0
2016-04-01,101.0,1.38,7,4,0
2016-04-02,119.0,1.38,1,4,1
2016-04-03,110.0,1.38,2,4,1
2016-04-04,71.0,1.38,3,4,0
2016-04-05,46.0,1.38,4,4,1
2016-04-06,43.0,1.38,5,4,1
2016-04-07,43.0,1.38,6,4,0
2016-04-08,107.0,1.38,7,4,1
2016-04-09,131.0,1.38,1,4,1
2016-04-10,108.0,1.38,2,4,0
2016-04-11,50.0,1.38,3,4,1
2016-04-12,52.0,1.38,4,4,1
2016-04-13,52.0,1.38,5,4,0
2016-04-14,68.0,1.38,6,4,1
2016-04-15,102.0,1.38,7,4,1
2016-04-16,146.0,1.38,1,4,0
2016-04-17,112.0,1.38,2,4,0
2016-04-18,70.0,1.38,3,4,0
2016-04-19,61.0,1.38,4,4,0
2016-04-20,60.0,1.38,5,4,0
2016-04-21,70.0,1.38,6,4,0
2016-04-22,70.0,1.38,7,4,0
2016-04-23,171.0,1.38,1,4,0
2016-04-24,91.0,1.38,2,4,0
2016-04-25,56.0,1.38,3,4,0
2016-04-26,49.0,1.38,4,4,0
2016-04-27,44.0,1.38,5,4,0
2016-04-28,65.0,1.38,6,4,0
2016-04-29,90.0,1.38,7,4,0
2016-04-30,122.0,1.38,1,4,0
2016-05-01,80.0,1.38,2,5,0
2016-05-02,107.0,1.38,3,5,1
2016-05-03,50.0,1.38,4,5,1
2016-05-04,67.0,1.38,5,5,0
2016-05-05,45.0,1.38,6,5,1
2016-05-06,57.03069850128645,1.38,7,5,1
2016-05-07,140.0,1.44,1,5,0
2016-05-08,122.0,1.44,2,5,1
2016-05-09,47.0,1.44,3,5,1
2016-05-10,51.0,1.44,4,5,0
2016-05-11,55.0,1.44,5,5,1
2016-05-12,56.0,1.44,6,5,1
2016-05-13,111.0,1.44,7,5,0
2016-05-14,141.0,1.44,1,5,1
2016-05-15,80.0,1.44,2,5,1
2016-05-16,47.0,1.44,3,5,0
2016-05-17,31.0,1.44,4,5,0
2016-05-18,61.0,1.44,5,5,0
2016-05-19,42.0,1.44,6,5,0
2016-05-20,67.0,1.44,7,5,0
2016-05-21,126.0,1.44,1,5,0
2016-05-22,114.0,1.44,2,5,0
